Date,P_I,EU_H,C_H,SO_I,CFNAI,CFNAI_MA3,DIFFUSION
1967:03,-0.25,-0.07,-0.01,-0.01,-0.34,,
1967:04,0.16,-0.10,0.01,-0.08,0.00,,
1967:05,-0.42,0.01,-0.06,-0.08,-0.55,-0.30,-0.17
1967:06,-0.09,0.03,0.08,0.01,0.04,-0.17,-0.16
1967:07,-0.18,0.09,-0.07,-0.16,-0.32,-0.28,-0.23
1967:08,0.58,0.21,-0.02,0.22,1.00,0.24,0.14
1967:09,-0.05,-0.05,0.13,-0.08,-0.05,0.21,0.11
1967:10,0.21,0.00,-0.12,-0.07,0.01,0.32,0.16
1967:11,0.52,0.32,0.10,0.37,1.32,0.43,0.20
1967:12,0.33,0.15,0.15,0.35,0.98,0.77,0.49
1968:01,-0.09,-0.21,-0.04,-0.12,-0.46,0.61,0.41
1968:02,0.12,0.34,0.03,-0.09,0.41,0.31,0.29
1968:03,0.07,0.05,0.17,0.08,0.38,0.11,0.19
1968:04,0.04,0.16,-0.04,-0.05,0.11,0.30,0.32
1968:05,0.35,0.17,0.05,0.07,0.64,0.38,0.33
1968:06,0.04,0.07,0.09,0.07,0.26,0.34,0.31
1968:07,-0.10,0.11,0.10,0.12,0.22,0.37,0.30
1968:08,0.14,0.12,0.05,-0.29,0.01,0.17,0.25
1968:09,0.05,0.15,-0.06,0.33,0.47,0.23,0.29
1968:10,0.12,0.18,0.09,0.16,0.54,0.34,0.46
1968:11,0.43,0.18,0.11,0.07,0.79,0.60,0.55
1968:12,0.00,0.15,-0.04,-0.11,0.00,0.44,0.47
1969:01,0.20,0.08,0.11,-0.08,0.32,0.37,0.44
1969:02,0.20,0.19,0.08,0.02,0.49,0.27,0.40
1969:03,0.27,0.18,-0.05,0.09,0.48,0.43,0.51
1969:04,-0.22,0.10,0.05,0.12,0.04,0.34,0.41
1969:05,-0.15,0.11,0.08,-0.07,-0.02,0.17,0.26
1969:06,0.25,0.17,-0.04,-0.02,0.36,0.12,0.20
1969:07,0.20,0.02,-0.03,-0.03,0.16,0.16,0.20
1969:08,-0.01,0.17,0.08,0.19,0.44,0.32,0.28
1969:09,-0.07,-0.13,0.05,0.06,-0.10,0.17,0.09
1969:10,-0.05,0.05,0.04,0.15,0.19,0.18,0.08
1969:11,-0.40,-0.07,-0.06,-0.27,-0.80,-0.23,-0.16
1969:12,-0.16,0.04,-0.02,-0.10,-0.23,-0.28,-0.15
1970:01,-0.75,-0.25,-0.03,-0.29,-1.33,-0.79,-0.43
1970:02,-0.07,-0.06,0.02,-0.04,-0.15,-0.57,-0.36
1970:03,-0.14,-0.08,-0.10,-0.26,-0.57,-0.68,-0.48
1970:04,-0.19,-0.32,0.01,-0.19,-0.69,-0.47,-0.45
1970:05,-0.14,-0.36,0.06,0.12,-0.32,-0.53,-0.50
1970:06,-0.15,-0.20,0.04,0.05,-0.27,-0.43,-0.44
1970:07,0.05,-0.05,0.02,-0.04,-0.01,-0.20,-0.28
1970:08,-0.29,-0.23,0.01,-0.05,-0.56,-0.28,-0.36
1970:09,-0.35,-0.22,0.04,-0.11,-0.63,-0.40,-0.38
1970:10,-0.80,-0.59,-0.02,-0.35,-1.76,-0.98,-0.52
1970:11,-0.37,-0.27,-0.12,-0.26,-1.02,-1.14,-0.53
1970:12,0.75,0.21,0.20,0.46,1.61,-0.39,-0.27
1971:01,0.18,0.02,0.25,0.10,0.54,0.38,0.07
1971:02,-0.04,-0.09,0.07,0.06,0.00,0.72,0.22
1971:03,-0.11,-0.07,0.07,0.05,-0.06,0.16,0.01
1971:04,0.18,0.10,0.15,0.02,0.45,0.13,0.04
1971:05,0.11,0.15,0.05,0.11,0.42,0.27,0.25
1971:06,0.11,-0.09,0.17,0.20,0.39,0.42,0.43
1971:07,0.01,0.00,0.06,-0.21,-0.14,0.23,0.18
1971:08,-0.31,-0.02,0.14,0.13,-0.06,0.06,0.00
1971:09,0.57,0.12,0.22,0.08,0.99,0.26,0.12
1971:10,0.35,0.01,0.13,-0.07,0.42,0.45,0.30
1971:11,0.12,0.13,0.15,0.24,0.64,0.68,0.53
1971:12,0.35,0.15,0.13,0.20,0.83,0.63,0.56
1972:01,0.82,0.24,0.11,0.22,1.40,0.95,0.72
1972:02,0.29,0.17,0.14,-0.22,0.38,0.87,0.71
1972:03,0.25,0.23,0.29,0.26,1.03,0.94,0.71
1972:04,0.33,0.17,0.12,0.11,0.73,0.71,0.68
1972:05,0.03,0.19,0.16,0.11,0.49,0.75,0.62
1972:06,0.10,0.19,0.14,0.07,0.50,0.57,0.56
1972:07,0.02,-0.10,0.15,-0.12,-0.05,0.32,0.23
1972:08,0.49,0.33,0.17,0.48,1.47,0.64,0.42
1972:09,0.26,0.11,0.17,0.34,0.87,0.76,0.45
1972:10,0.56,0.28,0.27,0.24,1.35,1.23,0.80
1972:11,0.43,0.27,0.16,0.42,1.27,1.16,0.76
1972:12,0.44,0.28,0.19,0.28,1.19,1.27,0.79
1973:01,0.26,0.28,0.22,0.29,1.06,1.18,0.76
1973:02,0.55,0.38,0.17,0.13,1.23,1.16,0.71
1973:03,0.09,0.21,0.12,0.04,0.45,0.91,0.53
1973:04,-0.06,0.10,0.01,0.02,0.07,0.58,0.29
1973:05,0.23,0.10,0.09,0.02,0.44,0.32,0.20
1973:06,0.00,0.17,0.07,-0.01,0.22,0.24,0.16
1973:07,0.08,0.05,0.13,0.25,0.51,0.39,0.30
1973:08,-0.12,0.05,-0.04,-0.26,-0.37,0.12,0.08
1973:09,0.28,0.05,0.20,0.10,0.63,0.25,0.21
1973:10,0.30,0.21,-0.03,0.56,1.04,0.43,0.32
1973:11,0.20,0.16,0.04,0.38,0.78,0.82,0.61
1973:12,-0.14,-0.03,-0.15,-0.09,-0.41,0.47,0.35
1974:01,-0.29,-0.03,0.00,0.10,-0.22,0.05,0.04
1974:02,-0.19,0.01,-0.03,-0.05,-0.26,-0.30,-0.27
1974:03,-0.05,-0.01,0.03,0.08,0.05,-0.14,-0.24
1974:04,-0.20,-0.14,0.05,-0.08,-0.37,-0.19,-0.29
1974:05,0.21,0.13,0.01,0.12,0.47,0.05,-0.06
1974:06,-0.07,-0.10,-0.04,-0.09,-0.30,-0.07,-0.14
1974:07,-0.09,-0.13,0.02,-0.08,-0.28,-0.04,-0.16
1974:08,-0.39,-0.12,0.05,-0.24,-0.70,-0.43,-0.49
1974:09,-0.15,-0.28,-0.24,-0.18,-0.85,-0.61,-0.54
1974:10,-0.26,-0.26,-0.16,-0.42,-1.10,-0.88,-0.63
1974:11,-1.25,-0.66,-0.21,-0.30,-2.43,-1.46,-0.71
1974:12,-1.57,-0.85,-0.16,-0.69,-3.28,-2.27,-0.79
1975:01,-0.82,-0.72,0.06,-0.29,-1.76,-2.49,-0.82
1975:02,-1.04,-0.66,-0.02,-0.34,-2.05,-2.36,-0.77
1975:03,-0.61,-0.47,-0.21,-0.70,-1.99,-1.93,-0.78
1975:04,0.00,-0.25,-0.05,0.05,-0.25,-1.43,-0.61
1975:05,-0.13,-0.03,0.19,-0.23,-0.20,-0.81,-0.44
1975:06,0.18,-0.06,-0.09,0.09,0.11,-0.11,-0.16
1975:07,0.40,0.14,0.01,0.08,0.62,0.18,0.08
1975:08,0.28,0.32,-0.02,0.10,0.68,0.47,0.34
1975:09,0.48,0.13,-0.02,0.02,0.61,0.64,0.50
1975:10,0.13,0.16,-0.03,0.01,0.28,0.52,0.46
1975:11,0.04,0.12,0.03,-0.06,0.13,0.34,0.32
1975:12,0.41,0.26,0.06,0.13,0.85,0.42,0.43
1976:01,0.45,0.43,0.12,0.38,1.38,0.79,0.61
1976:02,0.39,0.29,-0.02,0.13,0.79,1.00,0.78
1976:03,0.06,0.16,0.04,0.14,0.40,0.85,0.69
1976:04,0.16,0.05,0.07,0.03,0.31,0.50,0.53
1976:05,0.16,0.12,-0.11,0.02,0.20,0.30,0.39
1976:06,-0.03,-0.07,0.13,0.18,0.21,0.24,0.24
1976:07,0.20,0.07,0.01,0.01,0.29,0.23,0.27
1976:08,0.15,0.06,-0.02,0.06,0.26,0.25,0.33
1976:09,0.07,0.15,0.04,0.07,0.33,0.29,0.39
1976:10,-0.03,-0.08,0.05,-0.27,-0.33,0.09,0.13
1976:11,0.45,0.21,0.07,0.24,0.97,0.32,0.24
1976:12,0.35,0.15,0.20,0.40,1.09,0.58,0.48
1977:01,-0.24,0.18,-0.06,-0.09,-0.20,0.62,0.54
1977:02,0.54,0.25,0.13,0.20,1.12,0.67,0.55
1977:03,0.40,0.36,0.08,0.22,1.06,0.66,0.48
1977:04,0.33,0.28,0.08,-0.05,0.65,0.94,0.70
1977:05,0.25,0.27,0.05,0.08,0.64,0.78,0.64
1977:06,0.28,0.20,0.06,0.16,0.70,0.66,0.63
1977:07,0.02,0.19,0.14,0.01,0.35,0.56,0.55
1977:08,0.05,0.13,0.05,0.04,0.27,0.44,0.51
1977:09,0.03,0.25,0.08,0.04,0.41,0.34,0.41
1977:10,0.07,0.15,0.16,0.05,0.43,0.37,0.45
1977:11,0.06,0.25,0.11,0.09,0.51,0.45,0.47
1977:12,0.22,0.22,0.08,0.25,0.77,0.57,0.58
1978:01,-0.60,0.01,-0.12,-0.51,-1.22,0.02,0.35
1978:02,0.23,0.25,0.18,0.36,1.02,0.19,0.44
1978:03,0.64,0.34,0.19,0.12,1.29,0.36,0.49
1978:04,0.56,0.48,0.18,0.52,1.74,1.35,0.87
1978:05,0.08,0.18,0.09,0.00,0.35,1.12,0.68
1978:06,0.24,0.34,0.12,0.08,0.79,0.96,0.67
1978:07,-0.03,0.02,0.00,-0.09,-0.10,0.34,0.32
1978:08,0.13,0.19,0.15,0.23,0.69,0.46,0.48
1978:09,0.12,0.14,0.04,-0.04,0.27,0.29,0.35
1978:10,0.22,0.25,0.10,0.16,0.73,0.56,0.64
1978:11,0.25,0.27,0.11,0.07,0.70,0.57,0.60
1978:12,0.20,0.11,0.13,0.06,0.50,0.64,0.63
1979:01,-0.24,0.07,-0.04,-0.17,-0.38,0.28,0.35
1979:02,0.08,0.11,0.04,-0.08,0.13,0.09,0.24
1979:03,0.15,0.25,0.08,0.51,0.99,0.25,0.31
1979:04,-0.58,-0.30,-0.05,-0.47,-1.40,-0.09,0.19
1979:05,0.31,0.41,0.07,0.35,1.14,0.24,0.32
1979:06,-0.07,0.14,0.04,-0.16,-0.06,-0.11,0.05
1979:07,-0.08,-0.02,0.00,-0.06,-0.16,0.31,0.10
1979:08,-0.40,-0.12,0.19,-0.10,-0.43,-0.22,-0.25
1979:09,-0.05,0.07,0.07,-0.14,-0.06,-0.22,-0.23
1979:10,0.10,0.02,-0.05,-0.08,-0.01,-0.17,-0.12
1979:11,-0.15,-0.10,0.04,-0.10,-0.32,-0.13,-0.14
1979:12,-0.02,0.01,-0.04,-0.12,-0.18,-0.17,-0.20
1980:01,0.04,-0.08,0.06,0.10,0.12,-0.13,-0.13
1980:02,-0.12,-0.09,-0.16,-0.17,-0.53,-0.19,-0.15
1980:03,-0.36,-0.11,-0.22,-0.45,-1.15,-0.52,-0.33
1980:04,-0.84,-0.59,-0.26,-0.52,-2.20,-1.30,-0.72
1980:05,-1.13,-0.56,-0.17,-0.46,-2.33,-1.90,-0.86
1980:06,-0.65,-0.38,0.01,-0.20,-1.22,-1.92,-0.85
1980:07,-0.45,-0.33,0.07,0.09,-0.61,-1.39,-0.69
1980:08,0.07,0.20,-0.01,0.04,0.30,-0.51,-0.22
1980:09,0.48,0.10,-0.02,0.41,0.97,0.22,0.19
1980:10,0.47,0.17,0.13,0.33,1.10,0.79,0.61
1980:11,0.53,0.17,-0.03,-0.06,0.61,0.89,0.61
1980:12,0.15,0.12,0.02,0.04,0.33,0.68,0.59
1981:01,-0.21,-0.04,0.04,-0.06,-0.26,0.22,0.24
1981:02,-0.27,-0.03,-0.05,-0.08,-0.43,-0.12,-0.06
1981:03,0.05,0.09,-0.02,-0.22,-0.10,-0.26,-0.19
1981:04,-0.02,0.06,-0.11,0.03,-0.04,-0.19,-0.04
1981:05,0.16,-0.02,-0.09,-0.11,-0.07,-0.07,0.08
1981:06,-0.11,-0.02,-0.03,-0.11,-0.27,-0.12,-0.02
1981:07,0.11,0.06,-0.09,-0.03,0.05,-0.10,-0.09
1981:08,-0.11,-0.12,-0.01,-0.21,-0.45,-0.22,-0.33
1981:09,-0.27,-0.28,-0.20,-0.21,-0.96,-0.45,-0.56
1981:10,-0.41,-0.29,-0.23,-0.33,-1.26,-0.89,-0.81
1981:11,-0.54,-0.37,-0.17,-0.26,-1.33,-1.18,-0.87
1981:12,-0.64,-0.44,-0.08,-0.37,-1.53,-1.38,-0.86
1982:01,-0.93,-0.50,-0.19,-0.16,-1.79,-1.55,-0.86
1982:02,0.76,0.01,0.00,0.11,0.88,-0.81,-0.50
1982:03,-0.42,-0.32,-0.15,-0.05,-0.95,-0.62,-0.47
1982:04,-0.39,-0.40,-0.10,-0.17,-1.05,-0.37,-0.45
1982:05,-0.31,-0.16,-0.04,-0.10,-0.61,-0.87,-0.66
1982:06,-0.20,-0.41,-0.24,-0.29,-1.15,-0.94,-0.66
1982:07,-0.22,-0.38,0.01,-0.18,-0.77,-0.84,-0.60
1982:08,-0.40,-0.28,-0.09,-0.29,-1.07,-0.99,-0.68
1982:09,-0.21,-0.34,0.05,-0.07,-0.57,-0.80,-0.60
1982:10,-0.47,-0.42,-0.02,-0.34,-1.24,-0.96,-0.66
1982:11,-0.27,-0.24,0.08,-0.09,-0.52,-0.78,-0.59
1982:12,-0.30,-0.10,0.00,-0.10,-0.51,-0.76,-0.57
1983:01,0.62,0.14,-0.01,0.35,1.09,0.02,-0.17
1983:02,-0.20,-0.11,0.03,-0.17,-0.45,0.04,-0.16
1983:03,0.25,0.10,0.15,0.21,0.70,0.45,0.23
1983:04,0.42,0.19,0.04,0.00,0.65,0.30,0.25
1983:05,0.29,0.24,0.11,0.27,0.91,0.75,0.66
1983:06,0.22,0.27,0.16,0.47,1.12,0.89,0.71
1983:07,0.54,0.40,0.09,0.01,1.03,1.02,0.75
1983:08,0.35,0.02,0.01,0.05,0.43,0.86,0.64
1983:09,0.60,0.60,0.08,0.26,1.54,1.00,0.65
1983:10,0.29,0.29,0.12,0.25,0.95,0.97,0.67
1983:11,0.20,0.30,0.08,0.17,0.74,1.08,0.75
1983:12,0.21,0.26,0.11,0.36,0.95,0.88,0.73
1984:01,0.65,0.32,0.15,0.11,1.23,0.98,0.76
1984:02,0.26,0.38,-0.02,0.04,0.66,0.95,0.72
1984:03,0.16,0.13,0.05,0.07,0.41,0.77,0.63
1984:04,0.18,0.21,0.13,0.04,0.56,0.55,0.58
1984:05,0.11,0.21,0.10,0.16,0.58,0.52,0.62
1984:06,0.13,0.22,0.13,0.10,0.59,0.58,0.66
1984:07,0.08,0.08,-0.05,-0.02,0.08,0.41,0.52
1984:08,-0.02,0.02,0.01,-0.03,-0.02,0.22,0.33
1984:09,-0.13,0.11,0.11,-0.15,-0.07,0.00,0.10
1984:10,0.05,0.08,-0.01,0.03,0.14,0.02,0.12
1984:11,0.04,0.12,0.19,0.06,0.41,0.16,0.28
1984:12,0.01,0.05,0.01,-0.02,0.06,0.20,0.33
1985:01,-0.15,0.00,0.11,-0.06,-0.10,0.12,0.15
1985:02,-0.05,0.00,0.05,-0.04,-0.04,-0.03,-0.01
1985:03,0.07,0.13,0.05,0.09,0.34,0.07,0.08
1985:04,-0.19,-0.05,0.08,-0.11,-0.27,0.01,0.06
1985:05,0.00,0.07,0.14,0.15,0.37,0.14,0.14
1985:06,-0.07,-0.07,-0.04,-0.35,-0.53,-0.14,-0.12
1985:07,-0.27,0.00,0.09,-0.04,-0.22,-0.13,-0.11
1985:08,0.06,0.06,0.15,0.26,0.54,-0.07,-0.05
1985:09,0.04,0.06,0.22,-0.08,0.24,0.19,0.12
1985:10,-0.15,0.04,-0.17,-0.11,-0.40,0.13,0.15
1985:11,0.12,0.06,0.05,0.08,0.31,0.05,0.12
1985:12,0.19,0.04,0.16,-0.10,0.28,0.06,0.18
1986:01,0.25,0.04,0.10,0.20,0.59,0.39,0.37
1986:02,-0.29,-0.12,0.01,-0.13,-0.53,0.11,0.03
1986:03,-0.21,-0.01,0.09,-0.07,-0.20,-0.05,-0.19
1986:04,0.04,0.01,0.16,0.28,0.49,-0.08,-0.23
1986:05,0.02,-0.02,0.13,-0.26,-0.14,0.05,-0.02
1986:06,-0.18,-0.07,0.02,0.11,-0.13,0.07,0.02
1986:07,0.10,0.07,0.11,0.03,0.31,0.01,0.06
1986:08,-0.01,0.04,0.11,-0.07,0.07,0.08,0.07
1986:09,0.02,0.04,0.33,0.25,0.65,0.34,0.28
1986:10,0.08,0.00,-0.20,-0.15,-0.27,0.15,0.17
1986:11,0.06,0.06,-0.03,-0.08,0.01,0.13,0.21
1986:12,0.27,0.08,0.33,0.24,0.92,0.22,0.30
1987:01,-0.20,0.00,-0.38,-0.40,-0.98,-0.01,0.14
1987:02,0.45,0.18,0.31,0.54,1.47,0.47,0.38
1987:03,-0.02,0.08,0.06,0.00,0.13,0.21,0.21
1987:04,0.15,0.10,0.07,-0.08,0.24,0.61,0.47
1987:05,0.25,0.16,0.02,-0.02,0.40,0.26,0.36
1987:06,0.11,0.02,0.08,0.07,0.28,0.31,0.52
1987:07,0.26,0.17,0.06,0.15,0.64,0.44,0.64
1987:08,0.23,0.11,0.12,-0.15,0.30,0.41,0.62
1987:09,0.16,0.08,-0.05,0.25,0.44,0.46,0.59
1987:10,0.50,0.19,-0.03,0.02,0.68,0.48,0.52
1987:11,0.15,0.12,0.04,-0.06,0.24,0.45,0.50
1987:12,0.23,0.09,0.08,0.12,0.53,0.48,0.54
1988:01,-0.09,-0.02,0.03,-0.07,-0.15,0.21,0.31
1988:02,0.13,0.14,0.02,0.19,0.49,0.29,0.39
1988:03,0.05,0.06,0.11,0.20,0.42,0.25,0.37
1988:04,0.22,0.14,-0.05,-0.07,0.25,0.39,0.54
1988:05,-0.13,0.01,0.06,0.03,-0.03,0.22,0.37
1988:06,0.07,0.14,0.03,0.20,0.44,0.22,0.37
1988:07,-0.02,0.05,0.01,-0.07,-0.02,0.13,0.24
1988:08,0.10,-0.09,0.05,-0.02,0.03,0.15,0.18
1988:09,-0.08,0.07,-0.04,0.09,0.04,0.02,0.04
1988:10,0.17,0.13,0.11,0.07,0.48,0.18,0.31
1988:11,0.05,0.08,0.05,0.06,0.24,0.25,0.49
1988:12,0.15,0.07,0.06,0.26,0.55,0.42,0.62
1989:01,0.15,0.08,0.04,-0.03,0.24,0.34,0.50
1989:02,-0.26,0.07,-0.08,-0.18,-0.45,0.11,0.24
1989:03,-0.01,0.02,-0.01,-0.16,-0.17,-0.13,-0.02
1989:04,-0.06,0.00,0.05,0.12,0.11,-0.17,-0.10
1989:05,-0.34,-0.06,-0.03,-0.17,-0.60,-0.22,-0.23
1989:06,-0.04,-0.05,0.00,-0.11,-0.20,-0.23,-0.29
1989:07,-0.52,-0.04,0.02,-0.28,-0.82,-0.54,-0.52
1989:08,0.25,-0.04,0.10,0.32,0.63,-0.13,-0.21
1989:09,-0.19,-0.09,-0.06,-0.18,-0.51,-0.23,-0.30
1989:10,-0.13,-0.01,-0.06,-0.21,-0.42,-0.10,-0.21
1989:11,0.02,-0.01,0.00,0.13,0.13,-0.26,-0.22
1989:12,0.04,-0.07,0.03,0.00,0.00,-0.09,0.00
1990:01,-0.20,0.14,0.12,-0.30,-0.24,-0.04,0.03
1990:02,0.30,0.05,-0.10,0.27,0.52,0.09,0.06
1990:03,0.10,-0.04,-0.01,0.10,0.15,0.15,0.11
1990:04,-0.17,-0.18,-0.04,-0.30,-0.69,0.00,-0.07
1990:05,0.02,-0.06,-0.07,0.13,0.01,-0.18,-0.16
1990:06,0.05,-0.04,-0.02,-0.03,-0.04,-0.24,-0.25
1990:07,-0.15,-0.20,-0.04,-0.18,-0.57,-0.20,-0.23
1990:08,-0.03,-0.23,-0.08,0.11,-0.22,-0.28,-0.33
1990:09,-0.11,-0.18,-0.08,-0.41,-0.78,-0.52,-0.52
1990:10,-0.40,-0.25,-0.16,-0.13,-0.93,-0.64,-0.54
1990:11,-0.54,-0.36,-0.07,-0.38,-1.35,-1.02,-0.75
1990:12,-0.40,-0.16,-0.18,-0.20,-0.94,-1.07,-0.80
1991:01,-0.33,-0.26,-0.28,-0.19,-1.07,-1.12,-0.79
1991:02,-0.38,-0.40,-0.01,-0.05,-0.84,-0.95,-0.72
1991:03,-0.36,-0.26,0.02,-0.26,-0.87,-0.92,-0.70
1991:04,0.01,-0.18,-0.14,0.31,0.02,-0.56,-0.48
1991:05,0.18,-0.24,-0.07,0.09,-0.03,-0.30,-0.27
1991:06,0.26,0.00,-0.08,-0.14,0.03,0.01,-0.03
1991:07,0.02,-0.13,-0.03,0.27,0.13,0.04,0.00
1991:08,0.00,-0.09,-0.12,-0.13,-0.34,-0.06,-0.20
1991:09,0.31,-0.03,-0.07,0.06,0.26,0.02,-0.13
1991:10,-0.10,-0.14,-0.14,0.00,-0.38,-0.15,-0.34
1991:11,-0.12,-0.13,-0.04,-0.08,-0.37,-0.16,-0.33
1991:12,-0.22,-0.15,-0.05,-0.37,-0.79,-0.51,-0.64
1992:01,-0.28,-0.14,0.12,0.24,-0.07,-0.41,-0.50
1992:02,0.24,-0.12,-0.02,0.00,0.10,-0.25,-0.30
1992:03,0.31,0.01,-0.06,0.16,0.42,0.15,0.04
1992:04,0.18,-0.01,-0.06,0.10,0.22,0.24,0.27
1992:05,0.16,-0.01,0.00,-0.19,-0.04,0.20,0.28
1992:06,-0.01,-0.08,-0.04,0.17,0.04,0.07,0.11
1992:07,0.27,-0.05,-0.03,0.20,0.39,0.13,0.03
1992:08,-0.21,-0.02,-0.02,-0.33,-0.59,-0.05,-0.16
1992:09,-0.02,-0.08,0.01,0.16,0.07,-0.04,-0.13
1992:10,0.15,0.04,0.01,-0.01,0.19,-0.11,-0.14
1992:11,0.08,0.06,-0.05,0.01,0.10,0.12,0.15
1992:12,0.10,0.04,0.04,0.25,0.43,0.24,0.31
1993:01,0.08,0.15,-0.03,0.02,0.21,0.25,0.37
1993:02,0.11,0.10,-0.07,0.00,0.14,0.26,0.36
1993:03,-0.09,-0.12,-0.12,-0.13,-0.47,-0.04,0.09
1993:04,0.07,0.08,0.08,0.00,0.23,-0.03,0.02
1993:05,-0.17,0.10,0.01,-0.02,-0.08,-0.11,-0.12
1993:06,-0.06,-0.02,-0.02,0.12,0.02,0.06,0.01
1993:07,0.03,0.08,0.03,-0.17,-0.02,-0.03,0.01
1993:08,-0.10,0.06,-0.04,0.04,-0.03,-0.01,0.04
1993:09,0.14,0.08,0.04,0.11,0.37,0.11,0.25
1993:10,0.19,0.09,0.00,0.06,0.34,0.23,0.34
1993:11,0.11,0.12,0.02,0.03,0.28,0.33,0.55
1993:12,0.29,0.13,0.05,0.01,0.48,0.36,0.62
1994:01,-0.06,0.09,-0.03,0.07,0.07,0.28,0.55
1994:02,0.01,0.02,0.07,0.09,0.19,0.25,0.43
1994:03,0.39,0.25,0.05,0.26,0.95,0.41,0.44
1994:04,0.21,0.09,0.03,-0.09,0.23,0.46,0.45
1994:05,0.18,0.21,-0.04,0.06,0.41,0.53,0.60
1994:06,0.15,0.05,0.05,0.16,0.42,0.35,0.54
1994:07,0.03,0.10,-0.02,-0.07,0.04,0.29,0.42
1994:08,0.25,0.08,0.07,0.39,0.78,0.41,0.44
1994:09,0.07,0.11,0.02,-0.09,0.11,0.31,0.32
1994:10,0.32,0.12,0.07,0.11,0.60,0.50,0.57
1994:11,0.21,0.12,0.01,0.15,0.49,0.40,0.51
1994:12,0.31,0.11,0.02,0.16,0.59,0.56,0.68
1995:01,0.03,0.03,-0.01,0.05,0.10,0.40,0.51
1995:02,-0.09,-0.02,-0.09,-0.06,-0.25,0.15,0.24
1995:03,0.01,-0.04,0.03,-0.08,-0.09,-0.08,-0.02
1995:04,-0.17,-0.14,-0.05,-0.18,-0.55,-0.29,-0.27
1995:05,0.06,-0.13,0.05,0.04,0.01,-0.21,-0.18
1995:06,0.05,0.04,0.06,0.06,0.21,-0.11,-0.04
1995:07,-0.25,-0.03,-0.05,-0.25,-0.57,-0.12,-0.04
1995:08,0.32,0.05,0.04,0.29,0.71,0.12,0.13
1995:09,0.12,0.04,0.01,-0.06,0.11,0.08,0.07
1995:10,-0.19,0.03,-0.07,-0.06,-0.29,0.18,0.08
1995:11,-0.04,-0.07,0.09,0.04,0.02,-0.05,-0.03
1995:12,-0.01,-0.02,0.06,0.04,0.06,-0.07,0.01
1996:01,-0.34,-0.16,-0.09,-0.26,-0.86,-0.26,-0.06
1996:02,0.39,0.23,0.10,0.00,0.71,-0.03,0.08
1996:03,-0.17,-0.02,0.04,0.01,-0.15,-0.10,-0.06
1996:04,0.29,0.01,0.04,0.07,0.40,0.32,0.28
1996:05,0.17,0.09,0.03,0.09,0.37,0.21,0.27
1996:06,0.25,0.17,0.00,-0.08,0.34,0.37,0.43
1996:07,-0.06,0.00,0.02,0.08,0.04,0.25,0.40
1996:08,0.08,0.09,0.04,-0.01,0.19,0.19,0.36
1996:09,0.20,0.04,0.03,0.03,0.29,0.17,0.36
1996:10,-0.09,0.02,0.03,0.07,0.02,0.17,0.35
1996:11,0.27,0.08,0.01,0.10,0.46,0.26,0.40
1996:12,0.19,0.02,0.01,-0.18,0.04,0.17,0.32
1997:01,-0.01,0.03,0.04,0.20,0.27,0.26,0.40
1997:02,0.37,0.12,0.03,0.26,0.78,0.36,0.45
1997:03,0.21,0.12,0.03,-0.09,0.27,0.44,0.56
1997:04,-0.09,0.07,-0.03,0.12,0.08,0.37,0.48
1997:05,0.19,0.06,-0.02,-0.05,0.19,0.18,0.38
1997:06,0.09,0.04,0.08,0.17,0.37,0.21,0.39
1997:07,0.28,0.08,0.10,0.16,0.62,0.39,0.58
1997:08,0.33,0.00,0.04,-0.09,0.28,0.43,0.57
1997:09,0.25,0.21,0.01,0.14,0.60,0.50,0.60
1997:10,0.31,0.13,0.03,-0.05,0.42,0.43,0.51
1997:11,0.22,0.17,0.06,0.16,0.61,0.54,0.63
1997:12,0.08,0.03,0.05,-0.13,0.03,0.35,0.47
1998:01,0.16,0.11,0.01,0.02,0.30,0.31,0.44
1998:02,-0.02,0.04,0.07,0.22,0.32,0.22,0.33
1998:03,-0.07,-0.01,0.07,0.01,0.00,0.21,0.19
1998:04,0.09,0.05,0.09,-0.04,0.20,0.17,0.20
1998:05,0.12,0.09,0.08,0.01,0.28,0.16,0.19
1998:06,-0.28,-0.04,0.08,-0.20,-0.44,0.01,0.15
1998:07,-0.25,-0.12,0.01,-0.11,-0.47,-0.21,-0.14
1998:08,0.65,0.16,0.04,0.18,1.03,0.04,-0.13
1998:09,-0.17,-0.03,0.10,0.06,-0.04,0.17,0.04
1998:10,0.14,-0.02,0.11,0.03,0.27,0.42,0.28
1998:11,-0.11,0.06,0.07,0.02,0.04,0.09,0.16
1998:12,0.02,0.04,0.13,0.02,0.22,0.17,0.21
1999:01,0.08,0.02,0.02,-0.03,0.09,0.12,0.09
1999:02,0.18,0.01,0.10,0.20,0.49,0.27,0.27
1999:03,-0.05,-0.05,0.07,-0.07,-0.10,0.16,0.11
1999:04,-0.01,0.01,0.05,-0.05,-0.01,0.13,0.10
1999:05,0.19,0.06,0.08,0.20,0.53,0.14,0.15
1999:06,-0.10,-0.03,0.05,-0.01,-0.09,0.15,0.21
1999:07,0.09,0.06,0.04,-0.01,0.18,0.21,0.34
1999:08,0.15,0.01,0.08,0.09,0.33,0.14,0.21
1999:09,-0.19,-0.02,0.05,-0.04,-0.20,0.10,0.16
1999:10,0.46,0.09,0.03,0.18,0.76,0.30,0.29
1999:11,0.18,0.06,0.09,0.02,0.36,0.31,0.37
1999:12,0.28,0.08,0.17,0.06,0.59,0.57,0.63
2000:01,-0.11,0.13,-0.04,0.18,0.17,0.37,0.50
2000:02,0.12,-0.02,0.13,-0.45,-0.22,0.18,0.32
2000:03,0.12,0.05,0.06,0.21,0.44,0.13,0.31
2000:04,0.19,0.10,-0.02,0.17,0.44,0.22,0.43
2000:05,-0.01,-0.23,0.04,-0.18,-0.37,0.17,0.34
2000:06,-0.04,-0.01,0.02,0.15,0.13,0.06,0.16
2000:07,-0.08,0.01,-0.01,-0.20,-0.27,-0.17,-0.17
2000:08,-0.23,-0.14,0.06,-0.07,-0.38,-0.17,-0.25
2000:09,0.09,0.01,0.09,0.15,0.35,-0.10,-0.16
2000:10,-0.24,-0.04,0.00,-0.23,-0.51,-0.18,-0.23
2000:11,-0.12,-0.07,0.00,-0.17,-0.36,-0.17,-0.17
2000:12,-0.27,-0.08,0.03,0.05,-0.27,-0.38,-0.37
2001:01,-0.28,-0.15,0.02,-0.29,-0.69,-0.44,-0.37
2001:02,-0.38,-0.20,0.02,0.00,-0.56,-0.50,-0.41
2001:03,-0.21,-0.18,-0.02,-0.28,-0.69,-0.64,-0.53
2001:04,-0.26,-0.34,0.05,-0.32,-0.88,-0.71,-0.56
2001:05,-0.32,-0.26,0.04,0.12,-0.43,-0.66,-0.57
2001:06,-0.30,-0.30,0.01,-0.32,-0.91,-0.74,-0.64
2001:07,-0.30,-0.21,0.04,-0.02,-0.49,-0.61,-0.59
2001:08,-0.18,-0.40,0.08,0.07,-0.44,-0.61,-0.52
2001:09,-0.26,-0.25,-0.15,-0.41,-1.08,-0.67,-0.49
2001:10,-0.26,-0.47,0.40,0.13,-0.20,-0.57,-0.44
2001:11,-0.29,-0.34,-0.07,-0.08,-0.77,-0.68,-0.55
2001:12,-0.07,-0.22,-0.04,0.02,-0.31,-0.43,-0.38
2002:01,0.16,-0.22,0.04,-0.04,-0.06,-0.38,-0.29
2002:02,-0.09,-0.14,0.08,0.04,-0.11,-0.16,-0.11
2002:03,0.19,-0.10,-0.01,-0.10,-0.03,-0.06,-0.08
2002:04,0.06,-0.15,0.07,0.18,0.17,0.01,-0.05
2002:05,0.13,-0.12,-0.04,0.08,0.04,0.06,0.01
2002:06,0.26,-0.03,0.08,-0.02,0.29,0.17,0.12
2002:07,-0.11,-0.17,0.10,-0.10,-0.28,0.02,-0.04
2002:08,-0.08,-0.13,0.04,0.11,-0.06,-0.02,-0.14
2002:09,-0.04,-0.08,-0.05,-0.16,-0.33,-0.22,-0.35
2002:10,-0.15,-0.14,0.05,-0.13,-0.37,-0.26,-0.36
2002:11,0.10,-0.15,0.07,0.11,0.14,-0.19,-0.25
2002:12,-0.28,-0.17,0.12,-0.25,-0.59,-0.27,-0.31
2003:01,0.22,0.00,0.03,0.11,0.36,-0.03,-0.04
2003:02,-0.07,-0.18,-0.07,-0.13,-0.45,-0.23,-0.29
2003:03,-0.11,-0.22,0.12,0.03,-0.18,-0.09,-0.17
2003:04,-0.34,-0.21,0.07,-0.17,-0.65,-0.43,-0.44
2003:05,-0.05,-0.11,0.08,0.09,0.01,-0.28,-0.32
2003:06,0.02,-0.11,0.11,0.11,0.13,-0.17,-0.21
2003:07,0.09,-0.18,0.09,0.08,0.09,0.07,0.04
2003:08,-0.14,-0.04,0.14,-0.09,-0.14,0.03,-0.05
2003:09,0.22,-0.02,-0.01,0.13,0.32,0.09,0.01
2003:10,0.00,0.01,0.06,0.07,0.13,0.11,-0.03
2003:11,0.27,0.05,0.14,0.03,0.49,0.31,0.26
2003:12,0.02,0.01,0.05,-0.05,0.03,0.21,0.06
2004:01,0.03,0.02,0.07,-0.07,0.04,0.19,0.00
2004:02,0.22,0.02,0.06,0.14,0.44,0.17,-0.06
2004:03,-0.08,0.03,0.14,0.43,0.53,0.34,0.16
2004:04,0.15,0.07,0.01,-0.16,0.07,0.35,0.25
2004:05,0.25,0.15,0.14,0.01,0.55,0.38,0.36
2004:06,-0.25,-0.04,-0.07,0.06,-0.29,0.11,0.20
2004:07,0.29,0.04,0.16,-0.03,0.46,0.24,0.27
2004:08,0.08,-0.03,0.10,0.15,0.29,0.15,0.17
2004:09,-0.01,0.04,0.14,0.00,0.15,0.30,0.24
2004:10,0.28,0.05,0.07,0.03,0.44,0.30,0.29
2004:11,-0.02,-0.08,0.04,0.07,0.02,0.21,0.14
2004:12,0.33,0.09,0.15,0.24,0.81,0.43,0.30
2005:01,0.05,0.02,0.03,0.08,0.17,0.34,0.15
2005:02,0.21,0.06,0.13,-0.03,0.38,0.46,0.34
2005:03,-0.14,-0.02,0.05,-0.18,-0.28,0.09,0.05
2005:04,0.06,0.10,0.13,0.25,0.54,0.21,0.18
2005:05,0.02,-0.03,0.03,-0.03,-0.01,0.08,0.04
2005:06,0.06,0.06,0.21,0.05,0.38,0.30,0.27
2005:07,-0.16,0.09,0.13,-0.12,-0.06,0.10,0.13
2005:08,0.09,0.02,-0.03,0.14,0.22,0.18,0.29
2005:09,-0.51,-0.04,-0.01,-0.03,-0.60,-0.14,0.03
2005:10,0.44,0.08,0.09,0.01,0.62,0.08,0.10
2005:11,0.30,0.07,0.16,0.18,0.71,0.25,0.18
2005:12,0.09,0.03,0.09,0.09,0.30,0.54,0.42
2006:01,0.14,0.14,0.18,-0.01,0.45,0.49,0.49
2006:02,-0.09,0.06,0.06,0.06,0.09,0.28,0.31
2006:03,0.03,0.08,0.07,0.03,0.21,0.25,0.33
2006:04,0.07,0.01,0.05,-0.23,-0.11,0.06,0.15
2006:05,-0.09,-0.07,0.04,0.14,0.02,0.04,0.03
2006:06,0.06,0.00,0.04,-0.08,0.02,-0.02,-0.02
2006:07,-0.14,-0.06,0.06,-0.15,-0.28,-0.08,-0.15
2006:08,0.15,-0.03,-0.02,0.09,0.18,-0.03,0.04
2006:09,-0.07,-0.03,0.07,0.00,-0.02,-0.04,-0.14
2006:10,-0.13,-0.08,0.05,-0.10,-0.27,-0.03,-0.15
2006:11,-0.05,-0.06,0.01,-0.02,-0.12,-0.13,-0.31
2006:12,0.37,0.05,0.07,0.27,0.75,0.12,0.01
2007:01,-0.25,-0.04,-0.01,-0.19,-0.48,0.05,0.00
2007:02,0.22,-0.08,-0.03,0.08,0.19,0.15,0.10
2007:03,0.09,0.12,0.00,0.02,0.23,-0.02,-0.02
2007:04,0.17,-0.23,-0.03,-0.02,-0.11,0.10,0.13
2007:05,-0.06,0.04,0.02,0.04,0.03,0.05,0.06
2007:06,0.01,0.00,-0.05,0.00,-0.05,-0.04,-0.05
2007:07,-0.12,-0.15,-0.01,-0.14,-0.41,-0.14,-0.27
2007:08,-0.09,-0.18,0.00,0.19,-0.08,-0.18,-0.30
2007:09,0.08,-0.06,-0.05,-0.04,-0.07,-0.19,-0.34
2007:10,-0.19,-0.13,-0.03,0.08,-0.28,-0.14,-0.22
2007:11,0.09,-0.02,-0.05,-0.09,-0.07,-0.14,-0.19
2007:12,-0.03,-0.14,-0.15,-0.11,-0.43,-0.26,-0.36
2008:01,-0.12,-0.07,-0.09,0.05,-0.23,-0.24,-0.41
2008:02,-0.26,-0.16,-0.15,-0.21,-0.78,-0.48,-0.67
2008:03,-0.27,-0.15,-0.09,-0.28,-0.78,-0.60,-0.71
2008:04,-0.41,-0.24,-0.10,0.08,-0.67,-0.74,-0.74
2008:05,-0.27,-0.24,-0.08,-0.22,-0.82,-0.76,-0.71
2008:06,-0.28,-0.26,-0.13,-0.03,-0.71,-0.73,-0.72
2008:07,-0.36,-0.29,-0.20,-0.38,-1.23,-0.92,-0.82
2008:08,-0.58,-0.31,-0.13,-0.22,-1.24,-1.06,-0.84
2008:09,-1.33,-0.46,-0.25,-0.46,-2.50,-1.66,-0.89
2008:10,-0.13,-0.41,-0.27,-0.31,-1.11,-1.62,-0.80
2008:11,-0.78,-0.63,-0.25,-0.64,-2.30,-1.97,-0.81
2008:12,-1.28,-0.72,-0.26,-0.36,-2.61,-2.01,-0.78
2009:01,-1.22,-0.88,-0.19,-0.67,-2.96,-2.62,-0.83
2009:02,-0.30,-0.65,-0.30,0.04,-1.20,-2.26,-0.73
2009:03,-0.71,-0.79,-0.33,-0.46,-2.29,-2.15,-0.78
2009:04,-0.40,-0.66,-0.27,-0.25,-1.58,-1.69,-0.75
2009:05,-0.46,-0.40,-0.21,-0.06,-1.13,-1.67,-0.76
2009:06,-0.20,-0.38,-0.22,-0.08,-0.88,-1.20,-0.63
2009:07,0.39,-0.29,-0.17,0.22,0.15,-0.62,-0.36
2009:08,0.33,-0.22,-0.08,-0.02,0.00,-0.24,-0.14
2009:09,0.26,-0.18,-0.42,0.12,-0.23,-0.03,0.04
2009:10,0.04,-0.23,-0.21,0.09,-0.30,-0.18,0.00
2009:11,0.16,0.00,-0.22,0.10,0.04,-0.16,0.00
2009:12,-0.02,-0.16,-0.17,0.04,-0.31,-0.19,0.00
2010:01,0.31,0.03,-0.25,0.06,0.15,-0.04,0.03
2010:02,-0.05,-0.20,-0.18,0.07,-0.36,-0.17,-0.12
2010:03,0.31,0.07,-0.08,0.17,0.48,0.09,0.08
2010:04,0.19,0.22,-0.16,0.14,0.38,0.17,0.24
2010:05,0.47,0.09,-0.24,-0.02,0.30,0.39,0.45
2010:06,0.01,-0.08,-0.22,0.13,-0.16,0.18,0.27
2010:07,0.11,0.08,-0.22,0.17,0.14,0.09,0.19
2010:08,0.04,-0.01,-0.19,0.00,-0.16,-0.06,0.04
2010:09,0.00,-0.01,-0.20,0.01,-0.20,-0.07,-0.01
2010:10,-0.04,0.10,-0.19,0.01,-0.12,-0.16,-0.08
2010:11,-0.01,-0.02,-0.20,0.04,-0.18,-0.17,-0.09
2010:12,0.24,0.03,-0.24,0.03,0.07,-0.08,0.00
2011:01,-0.01,0.00,-0.20,0.23,0.02,-0.03,-0.04
2011:02,-0.04,0.20,-0.26,-0.29,-0.39,-0.10,0.01
2011:03,0.23,0.10,-0.20,0.27,0.40,0.01,0.16
2011:04,-0.18,0.06,-0.25,-0.11,-0.49,-0.16,0.05
2011:05,0.01,0.05,-0.27,-0.14,-0.34,-0.14,0.04
2011:06,0.03,0.04,-0.18,0.10,0.00,-0.28,-0.16
2011:07,0.15,0.10,-0.21,0.10,0.15,-0.06,0.10
2011:08,0.12,-0.03,-0.23,0.12,-0.02,0.04,0.19
2011:09,-0.03,0.14,-0.16,-0.20,-0.26,-0.04,0.18
2011:10,0.11,0.03,-0.18,0.19,0.15,-0.04,0.19
2011:11,-0.13,0.04,-0.18,-0.07,-0.34,-0.15,0.03
2011:12,0.18,0.11,-0.17,0.15,0.26,0.02,0.21
2012:01,0.22,0.20,-0.14,0.07,0.35,0.09,0.27
2012:02,0.08,0.03,-0.12,0.02,0.01,0.21,0.49
2012:03,-0.28,0.14,-0.19,-0.07,-0.40,-0.02,0.24
2012:04,0.23,-0.02,-0.18,0.03,0.06,-0.11,0.10
2012:05,-0.06,0.03,-0.17,0.02,-0.18,-0.18,-0.03
2012:06,-0.03,0.01,-0.19,-0.12,-0.32,-0.15,-0.03
2012:07,-0.13,-0.01,-0.14,-0.01,-0.29,-0.27,-0.18
2012:08,-0.17,0.02,-0.14,-0.14,-0.44,-0.35,-0.32
2012:09,-0.12,0.09,-0.12,0.04,-0.11,-0.28,-0.28
2012:10,-0.05,0.01,-0.14,-0.09,-0.27,-0.27,-0.26
2012:11,0.14,0.00,-0.08,0.23,0.28,-0.03,-0.01
2012:12,0.15,0.09,-0.09,0.00,0.14,0.05,0.16
2013:01,-0.30,0.02,-0.08,0.03,-0.34,0.03,0.19
2013:02,0.11,0.16,-0.10,0.07,0.24,0.01,0.24
2013:03,0.02,0.02,-0.11,-0.20,-0.28,-0.13,0.03
2013:04,-0.13,-0.02,-0.13,-0.02,-0.31,-0.12,-0.06
2013:05,0.01,0.06,-0.07,0.15,0.15,-0.15,-0.11
2013:06,0.02,0.02,-0.14,-0.06,-0.15,-0.10,0.01
2013:07,-0.26,-0.04,-0.09,-0.13,-0.53,-0.18,-0.01
2013:08,0.22,0.12,-0.13,0.10,0.30,-0.13,0.02
2013:09,0.08,0.04,-0.10,0.08,0.10,-0.04,0.11
2013:10,-0.03,0.04,-0.08,0.05,-0.01,0.13,0.29
2013:11,0.00,0.14,-0.06,0.22,0.29,0.13,0.28
2013:12,0.03,0.03,-0.09,-0.12,-0.15,0.04,0.10
2014:01,-0.33,0.03,-0.20,-0.21,-0.71,-0.19,-0.07
2014:02,0.27,0.06,-0.03,0.14,0.44,-0.14,-0.07
2014:03,0.29,0.13,-0.02,0.08,0.47,0.07,0.23
2014:04,-0.05,0.16,-0.06,-0.02,0.04,0.32,0.35
2014:05,0.07,0.09,-0.09,0.04,0.11,0.21,0.31
2014:06,0.06,0.15,-0.08,0.00,0.13,0.09,0.19
2014:07,0.08,0.04,-0.07,0.23,0.28,0.17,0.28
2014:08,-0.14,0.13,-0.03,-0.17,-0.21,0.07,0.15
2014:09,0.05,0.09,-0.10,-0.02,0.02,0.03,0.10
2014:10,-0.03,0.11,-0.03,-0.02,0.03,-0.06,0.01
2014:11,0.29,0.04,-0.05,-0.02,0.26,0.10,0.15
2014:12,-0.08,0.13,-0.06,0.07,0.06,0.12,0.13
2015:01,-0.21,0.05,-0.04,-0.05,-0.25,0.02,0.07
2015:02,-0.28,0.07,-0.14,-0.12,-0.47,-0.22,-0.10
2015:03,0.01,-0.06,-0.05,0.08,-0.01,-0.25,-0.15
2015:04,-0.15,0.10,-0.04,0.08,-0.01,-0.16,-0.04
2015:05,-0.10,0.05,-0.05,-0.24,-0.35,-0.12,-0.05
2015:06,-0.16,0.03,-0.05,0.04,-0.13,-0.16,-0.17
2015:07,0.19,0.16,-0.02,-0.02,0.31,-0.05,-0.10
2015:08,-0.11,-0.05,-0.05,-0.04,-0.26,-0.02,-0.17
2015:09,-0.18,-0.02,-0.05,0.11,-0.14,-0.03,-0.09
2015:10,-0.17,0.07,-0.09,-0.07,-0.25,-0.21,-0.30
2015:11,-0.25,0.03,-0.03,-0.11,-0.36,-0.25,-0.29
2015:12,-0.22,0.07,-0.02,-0.12,-0.29,-0.30,-0.34
2016:01,0.10,0.08,-0.07,-0.04,0.07,-0.19,-0.24
2016:02,-0.21,-0.06,0.04,0.02,-0.22,-0.15,-0.18
2016:03,-0.22,0.02,-0.13,-0.01,-0.34,-0.16,-0.23
2016:04,-0.02,-0.03,-0.06,-0.01,-0.12,-0.23,-0.30
2016:05,-0.11,-0.01,-0.06,-0.16,-0.34,-0.27,-0.43
2016:06,0.08,0.03,0.00,0.01,0.12,-0.12,-0.20
2016:07,-0.02,0.13,-0.03,-0.04,0.03,-0.06,-0.13
2016:08,-0.13,-0.08,-0.06,0.09,-0.18,-0.01,-0.10
2016:09,-0.04,0.03,-0.06,-0.02,-0.09,-0.08,-0.20
2016:10,-0.04,0.00,-0.04,0.04,-0.05,-0.11,-0.28
2016:11,-0.14,0.06,-0.07,-0.06,-0.21,-0.12,-0.24
2016:12,0.13,0.05,0.04,0.17,0.38,0.04,-0.07
2017:01,-0.08,-0.01,-0.06,0.03,-0.12,0.02,0.00
2017:02,-0.13,0.12,-0.05,-0.02,-0.08,0.06,0.07
2017:03,0.05,0.06,-0.04,-0.06,0.00,-0.06,-0.09
2017:04,0.34,0.11,-0.05,-0.09,0.31,0.08,0.04
2017:05,0.01,-0.01,-0.07,0.07,0.00,0.10,0.08
2017:06,-0.01,0.13,0.00,0.03,0.16,0.15,0.18
2017:07,-0.13,0.02,-0.04,-0.02,-0.16,0.00,-0.01
2017:08,-0.13,0.07,-0.07,0.14,0.00,0.00,-0.03
2017:09,0.01,0.08,0.02,0.07,0.18,0.01,-0.04
2017:10,0.40,0.04,-0.03,0.11,0.52,0.23,0.19
2017:11,0.05,0.05,0.01,0.12,0.24,0.31,0.33
2017:12,0.02,0.03,0.01,0.13,0.19,0.31,0.30
2018:01,-0.06,0.10,-0.09,-0.21,-0.26,0.05,0.06
2018:02,0.21,0.20,-0.03,0.12,0.50,0.14,0.13
2018:03,0.04,0.08,-0.02,-0.01,0.09,0.11,0.12
2018:04,0.34,0.06,-0.05,0.01,0.36,0.32,0.29
2018:05,-0.41,0.14,0.03,0.09,-0.15,0.10,0.16
2018:06,0.26,0.07,-0.07,-0.04,0.22,0.14,0.18
2018:07,-0.01,0.05,-0.02,-0.01,0.01,0.03,0.06
2018:08,0.18,0.04,-0.04,0.13,0.31,0.18,0.14
2018:09,-0.03,0.07,-0.08,0.02,-0.01,0.11,0.04
2018:10,-0.12,0.03,-0.01,-0.13,-0.24,0.02,-0.06
2018:11,-0.07,0.06,0.00,0.00,-0.01,-0.08,-0.22
2018:12,0.03,-0.01,-0.20,0.02,-0.16,-0.14,-0.20
2019:01,-0.31,0.06,-0.03,-0.03,-0.31,-0.16,-0.15
2019:02,-0.18,-0.09,-0.08,0.01,-0.34,-0.27,-0.23
2019:03,-0.08,0.05,0.02,-0.08,-0.09,-0.25,-0.22
2019:04,-0.31,0.04,-0.07,-0.20,-0.54,-0.32,-0.29
2019:05,0.00,-0.01,0.00,0.02,0.01,-0.21,-0.14
2019:06,0.04,0.07,-0.02,0.02,0.11,-0.14,-0.09
2019:07,-0.26,-0.05,0.00,-0.09,-0.40,-0.09,-0.05
2019:08,0.16,0.03,0.01,-0.01,0.20,-0.03,0.03
2019:09,-0.24,0.01,-0.06,-0.10,-0.38,-0.19,-0.14
2019:10,-0.39,-0.08,-0.04,-0.26,-0.76,-0.32,-0.27
2019:11,0.21,-0.02,0.03,-0.02,0.21,-0.31,-0.33
2019:12,-0.16,-0.08,0.00,-0.15,-0.39,-0.31,-0.36
2020:01,-0.15,0.03,-0.01,-0.08,-0.21,-0.13,-0.20
2020:02,0.04,0.01,-0.01,0.08,0.12,-0.16,-0.18
2020:03,-1.70,-1.12,-0.72,-0.85,-4.40,-1.50,-0.29
2020:04,-5.63,-8.79,-1.32,-2.36,-18.10,-7.46,-0.54
2020:05,1.02,1.85,1.04,0.79,4.70,-5.93,-0.39
2020:06,2.41,1.93,0.51,1.42,6.26,-2.38,0.17
2020:07,1.25,0.58,0.12,0.56,2.51,4.49,0.76
2020:08,0.40,0.74,0.00,0.10,1.25,3.34,0.76
2020:09,-0.04,0.38,0.12,0.06,0.52,1.43,0.63
2020:10,0.27,0.45,-0.02,0.17,0.87,0.88,0.57
2020:11,0.13,0.13,-0.04,0.06,0.28,0.56,0.46
2020:12,0.36,0.01,0.06,0.21,0.63,0.59,0.48
2021:01,0.31,0.11,0.17,0.31,0.90,0.60,0.47
2021:02,-1.30,0.15,-0.19,-0.37,-1.71,-0.06,0.27
2021:03,1.06,0.38,0.61,0.24,2.29,0.49,0.36
2021:04,-0.01,0.07,0.02,0.02,0.11,0.23,0.18
2021:05,0.33,0.18,-0.10,-0.18,0.25,0.88,0.40
2021:06,0.03,0.11,0.05,0.10,0.29,0.22,0.24
2021:07,0.28,0.40,-0.11,0.20,0.77,0.44,0.42
2021:08,-0.06,0.19,0.04,-0.02,0.15,0.40,0.29
2021:09,-0.33,0.22,0.02,0.08,0.00,0.31,0.24
2021:10,0.37,0.33,0.06,0.06,0.81,0.32,0.29
2021:11,0.32,0.30,0.02,0.12,0.75,0.52,0.51
2021:12,-0.11,0.22,-0.04,0.12,0.19,0.58,0.50
2022:01,-0.09,0.02,0.03,-0.07,-0.11,0.27,0.24
2022:02,0.30,0.40,0.02,-0.13,0.59,0.22,0.18
2022:03,0.20,0.22,0.07,-0.03,0.46,0.31,0.34
2022:04,0.06,0.02,0.08,-0.12,0.03,0.36,0.34
2022:05,-0.15,0.05,-0.05,-0.19,-0.35,0.05,0.11
2022:06,-0.18,0.03,-0.02,-0.06,-0.23,-0.18,-0.19
2022:07,0.07,0.14,-0.03,0.00,0.18,-0.13,-0.07
2022:08,-0.02,-0.06,0.04,0.21,0.18,0.04,0.12
2022:09,-0.01,0.10,0.01,-0.01,0.08,0.15,0.26
2022:10,-0.06,0.02,0.01,-0.06,-0.10,0.06,0.16
2022:11,-0.24,-0.02,-0.10,-0.19,-0.56,-0.19,-0.10
2022:12,-0.71,0.01,-0.04,0.23,-0.51,-0.39,-0.20
2023:01,0.36,0.10,0.10,-0.13,0.42,-0.21,-0.10
2023:02,-0.04,-0.09,-0.05,-0.10,-0.28,-0.12,-0.03
2023:03,-0.20,-0.05,-0.08,-0.19,-0.53,-0.13,-0.14
2023:04,0.18,0.07,-0.03,-0.12,0.09,-0.24,-0.22
2023:05,-0.19,-0.07,0.01,0.08,-0.16,-0.20,-0.15
2023:06,-0.35,0.01,-0.02,-0.03,-0.39,-0.15,-0.08
2023:07,0.15,-0.04,0.03,0.03,0.17,-0.13,0.00
2023:08,-0.11,-0.01,-0.05,-0.08,-0.25,-0.16,-0.14
2023:09,-0.03,-0.01,0.01,0.04,0.00,-0.03,0.01
2023:10,-0.31,-0.12,-0.04,-0.14,-0.61,-0.29,-0.33
2023:11,0.12,0.01,0.01,0.10,0.25,-0.12,-0.08
2023:12,-0.15,-0.03,0.05,0.09,-0.05,-0.14,-0.13
2024:01,-0.32,-0.02,-0.08,-0.12,-0.54,-0.11,-0.04
2024:02,0.02,0.01,0.00,0.02,0.05,-0.18,-0.09
